Mode,Dice,IoU,PixelAccuracy
Ensemble,0.2005126133099222,0.17417721295746175,0.872454833984375
FGSM_Ensemble,0.13781767644876922,0.10874466071081794,0.6552978515625
FGSM_Single,0.09864355452199006,0.07114576293756579,0.38328857421875
PGD_Ensemble,0.13891373383829658,0.106981149420093,0.635577392578125
PGD_Single,0.04967524368986788,0.03325644668595014,0.17769775390625
Single,0.1947146696537486,0.16759390138331248,0.85272216796875
